"Symbol","Name","LastSale","MarketCap","IPOyear","Sector","industry","Summary Quote"
"XXII","22nd Century Group, Inc",2.48,"$308.29M","n/a","Consumer Non-Durables","Farming/Seeds/Milling","https://www.nasdaq.com/symbol/xxii"
"FAX","Aberdeen Asia-Pacific Income Fund Inc",4.33,"$1.09B",1986,"n/a","n/a","https://www.nasdaq.com/symbol/fax"
"IAF","Aberdeen Australia Equity Fund Inc",6.15,"$139.87M","n/a","n/a","n/a","https://www.nasdaq.com/symbol/iaf"
"AEF","Aberdeen Emerging Markets Equity Income Fund, Inc.",7.17,"$433.78M","n/a","n/a","n/a","https://www.nasdaq.com/symbol/aef"
"FCO","Aberdeen Global Income Fund, Inc.",8.11,"$70.76M",1992,"n/a","n/a","https://www.nasdaq.com/symbol/fco"
"ACU","Acme United Corporation.",21.5,"$72.54M",1988,"Capital Goods","Industrial Machinery/Components","https://www.nasdaq.com/symbol/acu"
"ATNM","Actinium Pharmaceuticals, Inc.",0.65,"$71.25M","n/a","Health Care","Major Pharmaceuticals","https://www.nasdaq.com/symbol/atnm"
"AE","Adams Resources & Energy, Inc.",40.47,"$170.69M","n/a","Energy","Oil Refining/Marketing","https://www.nasdaq.com/symbol/ae"
"ACY","AeroCentury Corp.",17.03,"$24.12M","n/a","Technology","Diversified Commercial Services","https://www.nasdaq.com/symbol/acy"
"UAVS","AgEagle Aerial Systems, Inc.",1.76,"$18.03M","n/a","Capital Goods","Aerospace","https://www.nasdaq.com/symbol/uavs"
"AIRI","Air Industries Group",1.45,"$38.31M","n/a","Capital Goods","Military/Government/Technical","https://www.nasdaq.com/symbol/airi"
"AXU","Alexco Resource Corp",1.2,"$129.59M","n/a","Basic Industries","Precious Metals","https://www.nasdaq.com/symbol/axu"
"ALO","Alio Gold Inc.",1.37,"$114.78M",2011,"Basic Industries","Precious Metals","https://www.nasdaq.com/symbol/alo"
"AAU","Almaden Minerals, Ltd.",0.65,"$72.51M",2015,"Basic Industries","Precious Metals","https://www.nasdaq.com/symbol/aau"
"APT","Alpha Pro Tech, Ltd.",3.35,"$47.53M","n/a","Health Care","Industrial Specialties","https://www.nasdaq.com/symbol/apt"
"AAMC","Altisource Asset Management Corp",65.55,"$105.65M","n/a","Finance","Real Estate","https://www.nasdaq.com/symbol/aamc"
"AMBO","Ambow Education Holding Ltd.",5.99,"$116.61M","n/a","Consumer Services","Other Consumer Services","https://www.nasdaq.com/symbol/ambo"
"DIT","AMCON Distributing Company",87.45,"$53.87M","n/a","Consumer Non-Durables","Food Distributors","https://www.nasdaq.com/symbol/dit"
"ALN","American Lorain Corporation",0.19,"$12.76M","n/a","Consumer Non-Durables","Packaged Foods","https://www.nasdaq.com/symbol/aln"
"AMS","American Shared Hospital Services",2.98,"$17.04M","n/a","Health Care","Medical Specialities","https://www.nasdaq.com/symbol/ams"
"USAS","Americas Silver Corporation",2.56,"$109.2M",2017,"Basic Industries","Precious Metals","https://www.nasdaq.com/symbol/usas"
"AMPE","Ampio Pharmaceuticals, Inc.",3.02,"$260.69M","n/a","Health Care","Major Pharmaceuticals","https://www.nasdaq.com/symbol/ampe"
"APHB","AmpliPhi Biosciences Corporation",1.06,"$17.45M","n/a","Health Care","Biotechnology: Biological Products (No Diagnostic Substances)","https://www.nasdaq.com/symbol/aphb"
"ARNC^","Arconic Inc.",88,"n/a","n/a","n/a","n/a","https://www.nasdaq.com/symbol/arnc^"
"AKG","Asanko Gold Inc.",1.03,"$232.58M","n/a","Basic Industries","Mining & Quarrying of Nonmetallic Minerals (No Fuels)","https://www.nasdaq.com/symbol/akg"
"AINC","Ashford Inc.",84.94,"$179.17M",2014,"Consumer Services","Professional Services","https://www.nasdaq.com/symbol/ainc"
"ASB.WS","Associated Banc-Corp","n/a","n/a","n/a","n/a","n/a","https://www.nasdaq.com/symbol/asb.ws"
"AST","Asterias Biotherapeutics, Inc.",1.7,"$93.52M","n/a","Health Care","Biotechnology: Biological Products (No Diagnostic Substances)","https://www.nasdaq.com/symbol/ast"
"AUG","Auryn Resources Inc.",0.98,"$84.3M","n/a","Basic Industries","Precious Metals","https://www.nasdaq.com/symbol/aug"
"AWX","Avalon Holdings Corporation",3.47,"$13.2M","n/a","Public Utilities","Environmental Services","https://www.nasdaq.com/symbol/awx"
"ASM","Avino Silver",1.18,"$65.85M","n/a","Basic Industries","Precious Metals","https://www.nasdaq.com/symbol/asm"
"BTG","B2Gold Corp",2.44,"$2.41B","n/a","Basic Industries","Precious Metals","https://www.nasdaq.com/symbol/btg"
"BTN","Ballantyne Strong, Inc",5.52,"$79.61M","n/a","Miscellaneous","Industrial Machinery/Components","https://www.nasdaq.com/symbol/btn"
"BKJ","Bancorp of New Jersey, Inc",17.45,"$127.31M","n/a","Finance","Major Banks","https://www.nasdaq.com/symbol/bkj"
"BCV","Bancroft Fund Limited",22.01,"$116.2M","n/a","n/a","n/a","https://www.nasdaq.com/symbol/bcv"
"BCV^A","Bancroft Fund Limited",25.06,"n/a","n/a","n/a","n/a","https://www.nasdaq.com/symbol/bcv^a"
"BHB","Bar Harbor Bankshares, Inc.",28.98,"$448.79M","n/a","Finance","Major Banks","https://www.nasdaq.com/symbol/bhb"
"BRN","Barnwell Industries, Inc.",1.95,"$16.14M","n/a","Energy","Oil & Gas Production","https://www.nasdaq.com/symbol/brn"
"BGSF","BG Staffing Inc",26.21,"$264.43M","n/a","Technology","Professional Services","https://www.nasdaq.com/symbol/bgsf"
"BPMX","BioPharmX Corporation",0.19,"$36.83M",2015,"Health Care","Major Pharmaceuticals","https://www.nasdaq.com/symbol/bpmx"
"BTX","BioTime, Inc.",2.41,"$305.76M","n/a","Health Care","Biotechnology: Biological Products (No Diagnostic Substances)","https://www.nasdaq.com/symbol/btx"
"BTX.WS","BioTime, Inc.","n/a","n/a","n/a","n/a","n/a","https://www.nasdaq.com/symbol/btx.ws"
"BGI","Birks Group Inc.",1.51,"$27.12M","n/a","Consumer Services","Consumer Specialties","https://www.nasdaq.com/symbol/bgi"
"BKTI","BK Technologies, Inc.",3.6,"$49.84M","n/a","Technology","Radio And Television Broadcasting And Communications Equipment","https://www.nasdaq.com/symbol/bkti"
"BDR","Blonder Tongue Laboratories, Inc.",1.33,"$12.57M","n/a","Technology","Radio And Television Broadcasting And Communications Equipment","https://www.nasdaq.com/symbol/bdr"
"BRG","Bluerock Residential Growth REIT, Inc.",9.13,"$217.57M",2014,"Consumer Services","Real Estate Investment Trusts","https://www.nasdaq.com/symbol/brg"
"BRG^A","Bluerock Residential Growth REIT, Inc.",25.78,"n/a","n/a","n/a","n/a","https://www.nasdaq.com/symbol/brg^a"
"BRG^C","Bluerock Residential Growth REIT, Inc.",24.65,"n/a","n/a","n/a","n/a","https://www.nasdaq.com/symbol/brg^c"
"BRG^D","Bluerock Residential Growth REIT, Inc.",22.79,"n/a","n/a","n/a","n/a","https://www.nasdaq.com/symbol/brg^d"
"BVX","Bovie Medical Corporation",4.97,"$163.41M","n/a","Health Care","Medical/Dental Instruments","https://www.nasdaq.com/symbol/bvx"
"BWL.A","Bowl America, Inc.","n/a","n/a","n/a","n/a","n/a","https://www.nasdaq.com/symbol/bwl.a"
"CMCL","Caledonia Mining Corporation Plc",9.21,"$97.66M","n/a","Basic Industries","Precious Metals","https://www.nasdaq.com/symbol/cmcl"
"CEI","Camber Energy, Inc.",0.36,"$7.17M","n/a","Energy","Oil & Gas Production","https://www.nasdaq.com/symbol/cei"
"CANF","Can-Fite Biopharma Ltd",1.19,"$23.78M","n/a","Health Care","Major Pharmaceuticals","https://www.nasdaq.com/symbol/canf"
"ROX","Castle Brands, Inc.",1.23,"$206.76M",2006,"Consumer Non-Durables","Beverages (Production/Distribution)","https://www.nasdaq.com/symbol/rox"
"CAW","CCA Industries, Inc.",2.8,"$20.88M","n/a","Consumer Non-Durables","Package Goods/Cosmetics","https://www.nasdaq.com/symbol/caw"
"CVM","Cel-Sci Corporation",0.88,"$17.25M","n/a","Health Care","Biotechnology: Biological Products (No Diagnostic Substances)","https://www.nasdaq.com/symbol/cvm"
"CVM.WS","Cel-Sci Corporation","n/a","n/a","n/a","n/a","n/a","https://www.nasdaq.com/symbol/cvm.ws"
"CET","Central Securities Corporation",28.45,"$705.88M","n/a","n/a","n/a","https://www.nasdaq.com/symbol/cet"
"LEU","Centrus Energy Corp.",3.21,"$29.01M",2014,"Basic Industries","Mining & Quarrying of Nonmetallic Minerals (No Fuels)","https://www.nasdaq.com/symbol/leu"
"CCF","Chase Corporation",121.8,"$1.14B","n/a","Consumer Durables","Building Products","https://www.nasdaq.com/symbol/ccf"
"CQH","Cheniere Energy Partners LP Holdings, LLC",30.34,"$7.03B",2013,"Public Utilities","Oil/Gas Transmission","https://www.nasdaq.com/symbol/cqh"
"CQP","Cheniere Energy Partners, LP",38.1,"$18.44B",2007,"Public Utilities","Oil/Gas Transmission","https://www.nasdaq.com/symbol/cqp"
"LNG","Cheniere Energy, Inc.",62.81,"$15.58B","n/a","Public Utilities","Oil/Gas Transmission","https://www.nasdaq.com/symbol/lng"
"CVR","Chicago Rivet & Machine Co.",30.95,"$29.9M","n/a","Technology","Industrial Machinery/Components","https://www.nasdaq.com/symbol/cvr"
"CPHI","China Pharma Holdings, Inc.",0.26,"$11.16M","n/a","Health Care","Major Pharmaceuticals","https://www.nasdaq.com/symbol/cphi"
"CKX","CKX Lands, Inc.",10.75,"$20.87M","n/a","Energy","Oil & Gas Production","https://www.nasdaq.com/symbol/ckx"
"GLV","Clough Global Dividend and Income Fund",12.5,"$87.58M",2004,"n/a","n/a","https://www.nasdaq.com/symbol/glv"
"GLQ","Clough Global Equity Fund",14.72,"$162.3M",2005,"n/a","n/a","https://www.nasdaq.com/symbol/glq"
"GLO","Clough Global Opportunities Fund",11.23,"$361.88M",2006,"n/a","n/a","https://www.nasdaq.com/symbol/glo"
"COHN","Cohen & Company Inc.",9.36,"$11.89M","n/a","Finance","Investment Bankers/Brokers/Service","https://www.nasdaq.com/symbol/cohn"
"MOC","Command Security Corporation",1.35,"$13.68M","n/a","Consumer Services","Diversified Commercial Services","https://www.nasdaq.com/symbol/moc"
"CIX","CompX International Inc.",13.1,"$162.78M",1998,"Capital Goods","Industrial Machinery/Components","https://www.nasdaq.com/symbol/cix"
"LODE","Comstock Mining, Inc.",0.2,"$10.43M","n/a","Basic Industries","Precious Metals","https://www.nasdaq.com/symbol/lode"
"CDOR","Condor Hospitality Trust, Inc.",10.6,"$125.9M","n/a","Consumer Services","Real Estate Investment Trusts","https://www.nasdaq.com/symbol/cdor"
"CTO","Consolidated-Tomoka Land Co.",62.91,"$349.78M","n/a","Finance","Real Estate","https://www.nasdaq.com/symbol/cto"
"MCF","Contango Oil & Gas Company",5.68,"$145.76M","n/a","Energy","Oil & Gas Production","https://www.nasdaq.com/symbol/mcf"
"CUO","Continental Materials Corporation",16.25,"$27.59M","n/a","Capital Goods","Building Materials","https://www.nasdaq.com/symbol/cuo"
"CMT","Core Molding Technologies Inc",13.3,"$104.97M","n/a","Consumer Non-Durables","Plastic Products","https://www.nasdaq.com/symbol/cmt"
"CVRS","Corindus Vascular Robotics, Inc.",1.11,"$209.55M",2015,"Health Care","Medical/Dental Instruments","https://www.nasdaq.com/symbol/cvrs"
"CRMD","CorMedix Inc",0.56,"$45.82M","n/a","Health Care","Major Pharmaceuticals","https://www.nasdaq.com/symbol/crmd"
"CRF","Cornerstone Strategic Return Fund, Inc. (The)",14.1,"$318.32M","n/a","n/a","n/a","https://www.nasdaq.com/symbol/crf"
"CLM","Cornerstone Strategic Value Fund, Inc.",14.23,"$634.12M",1987,"n/a","n/a","https://www.nasdaq.com/symbol/clm"
"CVU","CPI Aerostructures, Inc.",9.35,"$83.57M","n/a","Capital Goods","Military/Government/Technical","https://www.nasdaq.com/symbol/cvu"
"CIK","Credit Suisse Asset Management Income Fund, Inc.",3.12,"$163.15M","n/a","n/a","n/a","https://www.nasdaq.com/symbol/cik"
"DHY","Credit Suisse High Yield Bond Fund",2.61,"$270.04M",1998,"n/a","n/a","https://www.nasdaq.com/symbol/dhy"
"CRHM","CRH Medical Corporation",3.35,"$243.46M",2015,"Health Care","Medical/Dental Instruments","https://www.nasdaq.com/symbol/crhm"
"CTEK","CynergisTek, Inc.",3.75,"$36.06M",2017,"Miscellaneous","Business Services","https://www.nasdaq.com/symbol/ctek"
"DXR","Daxor Corporation",5.6,"$20.88M","n/a","Health Care","Medical/Dental Instruments","https://www.nasdaq.com/symbol/dxr"
"VCF","Delaware Investments Colorado Municipal Income Fund, Inc",14.36,"$69.46M",1993,"n/a","n/a","https://www.nasdaq.com/symbol/vcf"
"VFL","Delaware Investments Florida Insured Municipal Income Fund",12.55,"$56.83M",1993,"n/a","n/a","https://www.nasdaq.com/symbol/vfl"
"VMM","Delaware Investments Minnesota Municipal Income Fund II, Inc.",12.36,"$142.2M",1993,"n/a","n/a","https://www.nasdaq.com/symbol/vmm"
"DLA","Delta Apparel, Inc.",16.55,"$118.04M","n/a","Consumer Non-Durables","Apparel","https://www.nasdaq.com/symbol/dla"
"DNN","Denison Mine Corp",0.51,"$285.18M","n/a","Basic Industries","Precious Metals","https://www.nasdaq.com/symbol/dnn"
"DGSE","DGSE Companies, Inc.",0.71,"$19.25M","n/a","Consumer Services","Consumer Specialties","https://www.nasdaq.com/symbol/dgse"
"DSS","Document Security Systems, Inc.",1.53,"$25.4M","n/a","Consumer Durables","Containers/Packaging","https://www.nasdaq.com/symbol/dss"
"DPW","DPW Holdings, Inc.",0.46,"$27.15M","n/a","Capital Goods","Industrial Machinery/Components","https://www.nasdaq.com/symbol/dpw"
"DMF","Dreyfus Municipal Income, Inc.",8.1,"$168.04M",1988,"n/a","n/a","https://www.nasdaq.com/symbol/dmf"
"DXF","Dunxin Financial Holdings Limited",6.14,"$127.91M","n/a","Consumer Non-Durables","Apparel","https://www.nasdaq.com/symbol/dxf"
"GRF","Eagle Capital Growth Fund, Inc.",8.08,"$29M","n/a","n/a","n/a","https://www.nasdaq.com/symbol/grf"
"EVM","Eaton Vance California Municipal Bond Fund",10.26,"$219.51M",2002,"n/a","n/a","https://www.nasdaq.com/symbol/evm"
"EIA","Eaton Vance California Municipal Bond Fund II",10.72,"$41.66M",2002,"n/a","n/a","https://www.nasdaq.com/symbol/eia"
"CEV","Eaton Vance California Municipal Income Trust",11.38,"$81.18M",1999,"n/a","n/a","https://www.nasdaq.com/symbol/cev"
"EVV","Eaton Vance Limited Duration Income Fund",12.61,"$1.46B",2003,"n/a","n/a","https://www.nasdaq.com/symbol/evv"
"MAB","Eaton Vance Massachusetts Municipal Bond Fund",12.83,"$22.69M",2002,"n/a","n/a","https://www.nasdaq.com/symbol/mab"
"MMV","Eaton Vance Massachusetts Municipal Income Trust",12.79,"$35.01M",1999,"n/a","n/a","https://www.nasdaq.com/symbol/mmv"
"MIW","Eaton Vance Michigan Municipal Bond Fund",13.05,"$19.57M",2002,"n/a","n/a","https://www.nasdaq.com/symbol/miw"
"EMI","Eaton Vance Michigan Municipal Income Trust",12.93,"$26.03M",1999,"n/a","n/a","https://www.nasdaq.com/symbol/emi"
"EIM","Eaton Vance Municipal Bond Fund",11.82,"$805.75M",2002,"n/a","n/a","https://www.nasdaq.com/symbol/eim"
"EIV","Eaton Vance Municipal Bond Fund II",11.85,"$118.66M",2002,"n/a","n/a","https://www.nasdaq.com/symbol/eiv"
"EMJ","Eaton Vance New Jersey Municipal Bond Fund",11.98,"$30.9M",2002,"n/a","n/a","https://www.nasdaq.com/symbol/emj"
"EVJ","Eaton Vance New Jersey Municipal Income Trust",11.7,"$53.8M",1999,"n/a","n/a","https://www.nasdaq.com/symbol/evj"
"ENX","Eaton Vance New York Municipal Bond Fund",11.13,"$174.32M",2002,"n/a","n/a","https://www.nasdaq.com/symbol/enx"
"NYH","Eaton Vance New York Municipal Bond Fund II",10.73,"$27.44M",2002,"n/a","n/a","https://www.nasdaq.com/symbol/nyh"
"EVY","Eaton Vance New York Municipal Income Trust",12.18,"$66.68M",1999,"n/a","n/a","https://www.nasdaq.com/symbol/evy"
"EIO","Eaton Vance Ohio Municipal Bond Fund",11.63,"$29.53M",2002,"n/a","n/a","https://www.nasdaq.com/symbol/eio"
"EVO","Eaton Vance Ohio Municipal Income Trust",12.89,"$36.83M",1999,"n/a","n/a","https://www.nasdaq.com/symbol/evo"
"EIP","Eaton Vance Pennsylvania Municipal Bond Fund",12.16,"$35.99M",2002,"n/a","n/a","https://www.nasdaq.com/symbol/eip"
"EVP","Eaton Vance Pennsylvania Municipal Income Trust",11.72,"$30.48M",1999,"n/a","n/a","https://www.nasdaq.com/symbol/evp"
"ELMD","Electromed, Inc.",5.34,"$44.26M",2011,"Health Care","Biotechnology: Electromedical & Electrotherapeutic Apparatus","https://www.nasdaq.com/symbol/elmd"
"ELLO","Ellomay Capital Ltd.",8.95,"$95.55M","n/a","Public Utilities","Electric Utilities: Central","https://www.nasdaq.com/symbol/ello"
"ECF","Ellsworth Growth and Income Fund Ltd.",9.65,"$124.82M",1986,"n/a","n/a","https://www.nasdaq.com/symbol/ecf"
"ECF^A","Ellsworth Growth and Income Fund Ltd.",24.7,"n/a","n/a","n/a","n/a","https://www.nasdaq.com/symbol/ecf^a"
"EMAN","eMagin Corporation",1.7,"$76.69M","n/a","Technology","Semiconductors","https://www.nasdaq.com/symbol/eman"
"MSN","Emerson Radio Corporation",1.45,"$32.73M","n/a","Consumer Non-Durables","Consumer Electronics/Appliances","https://www.nasdaq.com/symbol/msn"
"EMX","EMX Royalty Corporation",1.28,"$102.14M","n/a","Basic Industries","Precious Metals","https://www.nasdaq.com/symbol/emx"
"UUUU","Energy Fuels Inc",2.95,"$255.67M","n/a","Basic Industries","Mining & Quarrying of Nonmetallic Minerals (No Fuels)","https://www.nasdaq.com/symbol/uuuu"
"UUUU.WS","Energy Fuels Inc","n/a","n/a","n/a","n/a","n/a","https://www.nasdaq.com/symbol/uuuu.ws"
"ENSV","ENSERVCO Corporation",1,"$51.1M","n/a","Energy","Oilfield Services/Equipment","https://www.nasdaq.com/symbol/ensv"
"ESNC","EnSync, Inc.",0.34,"$19.47M","n/a","Public Utilities","Electric Utilities: Central","https://www.nasdaq.com/symbol/esnc"
"EGI","Entree Resources Ltd.",0.44,"$77.42M",2017,"Basic Industries","Precious Metals","https://www.nasdaq.com/symbol/egi"
"EVI","EnviroStarm, Inc.",40.05,"$447.41M","n/a","Consumer Services","Other Consumer Services","https://www.nasdaq.com/symbol/evi"
"ESP","Espey Mfg. & Electronics Corp.",26.37,"$62.86M","n/a","Capital Goods","Industrial Machinery/Components","https://www.nasdaq.com/symbol/esp"
"EVBN","Evans Bancorp, Inc.",46.75,"$224.71M","n/a","Finance","Major Banks","https://www.nasdaq.com/symbol/evbn"
"EPM","Evolution Petroleum Corporation, Inc.",10.7,"$354.94M","n/a","Energy","Oil & Gas Production","https://www.nasdaq.com/symbol/epm"
"FEN","First Trust Energy Income and Growth Fund",22.93,"$444.78M",2004,"n/a","n/a","https://www.nasdaq.com/symbol/fen"
"BDL","Flanigan&#39;s Enterprises, Inc.",28.95,"$53.81M","n/a","Consumer Services","Restaurants","https://www.nasdaq.com/symbol/bdl"
"FSI","Flexible Solutions International Inc.",1.63,"$18.95M","n/a","Basic Industries","Major Chemicals","https://www.nasdaq.com/symbol/fsi"
"FTF","Franklin Limited Duration Income Trust",11.2,"$253.17M",2003,"n/a","n/a","https://www.nasdaq.com/symbol/ftf"
"FSP","Franklin Street Properties Corp.",8.63,"$925.4M","n/a","Consumer Services","Real Estate Investment Trusts","https://www.nasdaq.com/symbol/fsp"
"FRD","Friedman Industries Inc.",10.25,"$71.85M","n/a","Capital Goods","Steel/Iron Ore","https://www.nasdaq.com/symbol/frd"
"FTNW","FTE Networks, Inc.",16.05,"$101.9M","n/a","Public Utilities","Telecommunications Equipment","https://www.nasdaq.com/symbol/ftnw"
"GGN","GAMCO Global Gold, Natural Reources & Income Trust ",5.08,"$688.9M",2005,"n/a","n/a","https://www.nasdaq.com/symbol/ggn"
"GGN^B","GAMCO Global Gold, Natural Reources & Income Trust ",23.46,"n/a","n/a","n/a","n/a","https://www.nasdaq.com/symbol/ggn^b"
"GST","Gastar Exploration Inc.",0.17,"$38.3M","n/a","Energy","Oil & Gas Production","https://www.nasdaq.com/symbol/gst"
"GST^A","Gastar Exploration Inc.",3.82,"n/a","n/a","n/a","n/a","https://www.nasdaq.com/symbol/gst^a"
"GST^B","Gastar Exploration Inc.",3.89,"n/a","n/a","n/a","n/a","https://www.nasdaq.com/symbol/gst^b"
"JOB","GEE Group Inc.",2.48,"$26.31M","n/a","Technology","Diversified Commercial Services","https://www.nasdaq.com/symbol/job"
"GMO","General Moly, Inc",0.4,"$44.58M","n/a","Basic Industries","Precious Metals","https://www.nasdaq.com/symbol/gmo"
"GSB","GlobalSCAPE, Inc.",3.67,"$79.83M","n/a","Technology","Computer Software: Prepackaged Software","https://www.nasdaq.com/symbol/gsb"
"GSAT","Globalstar, Inc.",0.55,"$694.65M",2006,"Consumer Services","Telecommunications Equipment","https://www.nasdaq.com/symbol/gsat"
"GLOW","Glowpoint, Inc.",0.18,"$8.33M","n/a","Public Utilities","Telecommunications Equipment","https://www.nasdaq.com/symbol/glow"
"GORO","Gold Resource Corporation",5.32,"$304.47M","n/a","Basic Industries","Precious Metals","https://www.nasdaq.com/symbol/goro"
"GSV","Gold Standard Ventures Corporation",1.69,"$430.24M","n/a","Basic Industries","Mining & Quarrying of Nonmetallic Minerals (No Fuels)","https://www.nasdaq.com/symbol/gsv"
"AUMN","Golden Minerals Company",0.27,"$25.96M","n/a","Basic Industries","Precious Metals","https://www.nasdaq.com/symbol/aumn"
"GSS","Golden Star Resources, Ltd",0.73,"$278M","n/a","Basic Industries","Precious Metals","https://www.nasdaq.com/symbol/gss"
"GV","Goldfield Corporation (The)",4.85,"$123.44M","n/a","Basic Industries","Water Supply","https://www.nasdaq.com/symbol/gv"
"GDP","Goodrich Petroleum Corporation",12.36,"$142.91M",2017,"Energy","Oil & Gas Production","https://www.nasdaq.com/symbol/gdp"
"GTE","Gran Tierra Energy Inc.",3.34,"$1.3B","n/a","Energy","Oil & Gas Production","https://www.nasdaq.com/symbol/gte"
"GPL","Great Panther Silver Limited",1.14,"$192.68M","n/a","Basic Industries","Precious Metals","https://www.nasdaq.com/symbol/gpl"
"SIM","Grupo Simec, S.A. de C.V.",9.72,"$1.61B",1993,"Basic Industries","Steel/Iron Ore","https://www.nasdaq.com/symbol/sim"
"GLF","GulfMark Offshore, Inc.",37.49,"$281.19M",2017,"Energy","Metal Fabrications","https://www.nasdaq.com/symbol/glf"
"GLF.WS","GulfMark Offshore, Inc.","n/a","n/a","n/a","n/a","n/a","https://www.nasdaq.com/symbol/glf.ws"
"HEB","Hemispherx BioPharma, Inc.",0.3,"$13.68M","n/a","Health Care","Biotechnology: Biological Products (No Diagnostic Substances)","https://www.nasdaq.com/symbol/heb"
"HCAC","Hennessy Capital Acquisition Corp. III",10.13,"$77.08M",2017,"Finance","Business Services","https://www.nasdaq.com/symbol/hcac"
"HCAC.U","Hennessy Capital Acquisition Corp. III","n/a","n/a",2017,"n/a","n/a","https://www.nasdaq.com/symbol/hcac.u"
"HCAC.WS","Hennessy Capital Acquisition Corp. III","n/a","n/a","n/a","n/a","n/a","https://www.nasdaq.com/symbol/hcac.ws"
"HLM^","Hillman Group Capital Trust",31.18,"n/a","n/a","n/a","n/a","https://www.nasdaq.com/symbol/hlm^"
"HMG","HMG/Courtland Properties, Inc.",14.5,"$14.69M","n/a","Consumer Services","Real Estate Investment Trusts","https://www.nasdaq.com/symbol/hmg"
"HUSA","Houston American Energy Corporation",0.24,"$14.57M","n/a","Energy","Oil & Gas Production","https://www.nasdaq.com/symbol/husa"
"IBIO","iBio, Inc.",0.82,"$14.32M","n/a","Health Care","Major Pharmaceuticals","https://www.nasdaq.com/symbol/ibio"
"IBO","IBO (Listing Market - NYSE Amex Network B F)",24.84,"n/a","n/a","n/a","n/a","https://www.nasdaq.com/symbol/ibo"
"IEC","IEC Electronics Corp.",5.14,"$52.65M","n/a","Technology","Electrical Products","https://www.nasdaq.com/symbol/iec"
"IMUC","ImmunoCellular Therapeutics, Ltd.",0.23,"$9.75M","n/a","Health Care","Major Pharmaceuticals","https://www.nasdaq.com/symbol/imuc"
"IMUC.WS","ImmunoCellular Therapeutics, Ltd.","n/a","n/a","n/a","n/a","n/a","https://www.nasdaq.com/symbol/imuc.ws"
"IMH","Impac Mortgage Holdings, Inc.",8.56,"$179.5M",1997,"Consumer Services","Real Estate Investment Trusts","https://www.nasdaq.com/symbol/imh"
"IMO","Imperial Oil Limited",33.64,"$27B","n/a","Energy","Integrated oil Companies","https://www.nasdaq.com/symbol/imo"
"IOR","Income Opportunity Realty Investors, Inc.",13.25,"$55.23M","n/a","Consumer Services","Real Estate Investment Trusts","https://www.nasdaq.com/symbol/ior"
"IGC","India Globalization Capital Inc.",0.43,"$13.5M","n/a","Consumer Non-Durables","Electronic Components","https://www.nasdaq.com/symbol/igc"
"INFU","InfuSystems Holdings, Inc.",3.05,"$69.35M","n/a","Health Care","Medical/Dental Instruments","https://www.nasdaq.com/symbol/infu"
"IHT","InnSuites Hospitality Trust",1.28,"$12.27M","n/a","Consumer Services","Real Estate Investment Trusts","https://www.nasdaq.com/symbol/iht"
"NSPR","InspireMD Inc.",0.21,"$3.63M","n/a","Health Care","Medical/Dental Instruments","https://www.nasdaq.com/symbol/nspr"
"NSPR.WS","InspireMD Inc.","n/a","n/a","n/a","n/a","n/a","https://www.nasdaq.com/symbol/nspr.ws"
"NSPR.WS.B","InspireMD Inc.","n/a","n/a","n/a","n/a","n/a","https://www.nasdaq.com/symbol/nspr.ws.b"
"IDN","Intellicheck, Inc.",2.36,"$36.88M",1999,"Technology","Computer Software: Prepackaged Software","https://www.nasdaq.com/symbol/idn"
"INS","Intelligent Systems Corporation",11.15,"$97.87M",1992,"Technology","Computer Software: Prepackaged Software","https://www.nasdaq.com/symbol/ins"
"THM","International Tower Hill Mines Ltd",0.49,"$91.63M","n/a","Basic Industries","Precious Metals","https://www.nasdaq.com/symbol/thm"
"INTT","inTest Corporation",7.2,"$75.41M",1997,"Capital Goods","Electrical Products","https://www.nasdaq.com/symbol/intt"
"INUV","Inuvo, Inc",0.68,"$21.82M","n/a","Consumer Services","Advertising","https://www.nasdaq.com/symbol/inuv"
"VKI","Invesco Advantage Municipal Income Trust II",10.68,"$474.1M","n/a","n/a","n/a","https://www.nasdaq.com/symbol/vki"
"ISR","IsoRay, Inc.",0.58,"$39.03M","n/a","Health Care","Medical/Dental Instruments","https://www.nasdaq.com/symbol/isr"
"ISDR","Issuer Direct Corporation",18.9,"$57.87M","n/a","Miscellaneous","Publishing","https://www.nasdaq.com/symbol/isdr"
"ITP","IT Tech Packaging, Inc.",0.96,"n/a","n/a","n/a","n/a","https://www.nasdaq.com/symbol/itp"
"KIQ","Kelso Technologies Inc",0.47,"$22.25M","n/a","Capital Goods","Railroads","https://www.nasdaq.com/symbol/kiq"
"LTS","Ladenburg Thalmann Financial Services Inc",3.35,"$671.48M","n/a","Finance","Investment Bankers/Brokers/Service","https://www.nasdaq.com/symbol/lts"
"LTS^A","Ladenburg Thalmann Financial Services Inc",25.55,"n/a","n/a","n/a","n/a","https://www.nasdaq.com/symbol/lts^a"
"LTSL","Ladenburg Thalmann Financial Services Inc",24.44,"n/a",2017,"Finance","Investment Bankers/Brokers/Service","https://www.nasdaq.com/symbol/ltsl"
"LTSF","Ladenburg Thalmann Financial Services Inc.",24.81,"n/a",2018,"Finance","Investment Bankers/Brokers/Service","https://www.nasdaq.com/symbol/ltsf"
"LEVB","Level Brands, Inc.",3.26,"$26.19M",2017,"Consumer Non-Durables","Package Goods/Cosmetics","https://www.nasdaq.com/symbol/levb"
"LGL","LGL Group, Inc. (The)",5.9,"$27.72M","n/a","Capital Goods","Industrial Machinery/Components","https://www.nasdaq.com/symbol/lgl"
"LBY","Libbey, Inc.",10.85,"$239.59M",1993,"Capital Goods","Industrial Machinery/Components","https://www.nasdaq.com/symbol/lby"
"LLEX","Lilis Energy, Inc.",4.78,"$287.68M","n/a","Energy","Oil & Gas Production","https://www.nasdaq.com/symbol/llex"
"LIQT","LiqTech International, Inc.",0.89,"$64.66M","n/a","Technology","Industrial Machinery/Components","https://www.nasdaq.com/symbol/liqt"
"MAG","MAG Silver Corporation",9.16,"$783.54M","n/a","Basic Industries","Precious Metals","https://www.nasdaq.com/symbol/mag"
"MJCO","Majesco",7.83,"$286.65M",2015,"Technology","Computer Software: Prepackaged Software","https://www.nasdaq.com/symbol/mjco"
"MHH","Mastech Digital, Inc",20.44,"$111.64M","n/a","Consumer Services","Professional Services","https://www.nasdaq.com/symbol/mhh"
"MTNB","Matinas Biopharma Holdings, Inc.",0.35,"$33.29M",2017,"Health Care","Major Pharmaceuticals","https://www.nasdaq.com/symbol/mtnb"
"MNI","McClatchy Company (The)",9.59,"$74.39M",1988,"Consumer Services","Newspapers/Magazines","https://www.nasdaq.com/symbol/mni"
"IPB","Merrill Lynch & Co., Inc. 6.0518% Index Plus Trust Certificate",27.6,"n/a","n/a","Finance","Finance: Consumer Services","https://www.nasdaq.com/symbol/ipb"
"MXC","Mexco Energy Corporation",5.58,"$11.38M","n/a","Energy","Oil & Gas Production","https://www.nasdaq.com/symbol/mxc"
"CCA","MFS California Insured Municipal Trust",10.21,"$28.43M",1999,"n/a","n/a","https://www.nasdaq.com/symbol/cca"
"MICR","Micron Solutions, Inc.",3.27,"$9.3M","n/a","Health Care","Biotechnology: Electromedical & Electrotherapeutic Apparatus","https://www.nasdaq.com/symbol/micr"
"MLSS","Milestone Scientific, Inc.",0.8,"$26.77M",2015,"Health Care","Industrial Specialties","https://www.nasdaq.com/symbol/mlss"
"MYO","Myomo Inc.",2.33,"$28.91M",2017,"Health Care","Industrial Specialties","https://www.nasdaq.com/symbol/myo"
"NNVC","NanoViricides, Inc.",0.38,"$26.22M","n/a","Health Care","Biotechnology: Commercial Physical & Biological Resarch","https://www.nasdaq.com/symbol/nnvc"
"ATEST","NASDAQ TEST STOCK",25,"n/a","n/a","n/a","n/a","https://www.nasdaq.com/symbol/atest"
"ATEST.A","NASDAQ TEST STOCK","n/a","n/a","n/a","n/a","n/a","https://www.nasdaq.com/symbol/atest.a"
"ATEST.B","NASDAQ TEST STOCK","n/a","n/a","n/a","n/a","n/a","https://www.nasdaq.com/symbol/atest.b"
"ATEST.C","NASDAQ TEST STOCK","n/a","n/a","n/a","n/a","n/a","https://www.nasdaq.com/symbol/atest.c"
"NHC","National HealthCare Corporation",72.46,"$1.1B","n/a","Health Care","Hospital/Nursing Management","https://www.nasdaq.com/symbol/nhc"
"NAVB","Navidea Biopharmaceuticals, Inc.",0.16,"$25.76M","n/a","Health Care","Biotechnology: In Vitro & In Vivo Diagnostic Substances","https://www.nasdaq.com/symbol/navb"
"NTIP","Network-1 Technologies, Inc.",2.75,"$65.25M","n/a","Miscellaneous","Multi-Sector Companies","https://www.nasdaq.com/symbol/ntip"
"NBW","Neuberger Berman California Intermediate Municipal Fund Inc.",12.52,"$69.5M",2002,"n/a","n/a","https://www.nasdaq.com/symbol/nbw"
"NHS","Neuberger Berman High Yield Strategies Fund",10.86,"$212.21M","n/a","n/a","n/a","https://www.nasdaq.com/symbol/nhs"
"NBH","Neuberger Berman Intermediate Municipal Fund Inc.",13.46,"$253.1M",2002,"n/a","n/a","https://www.nasdaq.com/symbol/nbh"
"NML","Neuberger Berman MLP Income Fund Inc.",9.11,"$516.16M",2013,"n/a","n/a","https://www.nasdaq.com/symbol/nml"
"NBO","Neuberger Berman New York Intermediate Municipal Fund Inc.",11.53,"$58.51M",2002,"n/a","n/a","https://www.nasdaq.com/symbol/nbo"
"NRO","Neuberger Berman Real Estate Securities Income Fund, Inc.",5.15,"$244.21M",2003,"n/a","n/a","https://www.nasdaq.com/symbol/nro"
"UWN","Nevada Gold & Casinos, Inc.",2.14,"$36.06M","n/a","Consumer Services","Services-Misc. Amusement & Recreation","https://www.nasdaq.com/symbol/uwn"
"NSU","Nevsun Resources Ltd",3.69,"$1.12B","n/a","Basic Industries","Precious Metals","https://www.nasdaq.com/symbol/nsu"
"GBR","New Concept Energy, Inc",2.47,"$5.27M","n/a","Energy","Oil & Gas Production","https://www.nasdaq.com/symbol/gbr"
"NEN","New England Realty Associates Limited Partnership",67,"$250.02M","n/a","Consumer Services","Building operators","https://www.nasdaq.com/symbol/nen"
"NGD","New Gold Inc.",1.25,"$723.44M","n/a","Basic Industries","Precious Metals","https://www.nasdaq.com/symbol/ngd"
"NXE","Nexgen Energy Ltd.",1.99,"$687.58M","n/a","Basic Industries","Precious Metals","https://www.nasdaq.com/symbol/nxe"
"HLTH","Nobilis Health Corp.",1.15,"$89.91M",2015,"Health Care","Hospital/Nursing Management","https://www.nasdaq.com/symbol/hlth"
"NAK","Northern Dynasty Minerals, Ltd.",0.58,"$182.29M","n/a","Basic Industries","Precious Metals","https://www.nasdaq.com/symbol/nak"
"NOG","Northern Oil and Gas, Inc.",3.69,"$1.19B","n/a","Energy","Oil & Gas Production","https://www.nasdaq.com/symbol/nog"
"NBY","NovaBay Pharmaceuticals, Inc.",2.4,"$41.01M",2007,"Health Care","Major Pharmaceuticals","https://www.nasdaq.com/symbol/nby"
"NG","Novagold Resources Inc.",4.27,"$1.38B","n/a","Basic Industries","Precious Metals","https://www.nasdaq.com/symbol/ng"
"NTN","NTN Buzztime, Inc.",4.56,"$13.07M","n/a","Consumer Services","Broadcasting","https://www.nasdaq.com/symbol/ntn"
"NES","Nuverra Environmental Solutions, Inc.",10.91,"$127.6M",2017,"Energy","Oilfield Services/Equipment","https://www.nasdaq.com/symbol/nes"
"OCX","OncoCyte Corporation",2.25,"$88.66M",2015,"Health Care","Biotechnology: In Vitro & In Vivo Diagnostic Substances","https://www.nasdaq.com/symbol/ocx"
"OGEN","Oragenics Inc.",0.54,"$6.04M","n/a","Health Care","Major Pharmaceuticals","https://www.nasdaq.com/symbol/ogen"
"TIS","Orchids Paper Products Company",4.71,"$50.26M",2005,"Basic Industries","Paper","https://www.nasdaq.com/symbol/tis"
"ORM","Owens Realty Mortgage, Inc.",16.73,"$148.71M",2013,"Consumer Services","Real Estate Investment Trusts","https://www.nasdaq.com/symbol/orm"
"PCG^A","Pacific Gas & Electric Co.",24.99,"n/a","n/a","n/a","n/a","https://www.nasdaq.com/symbol/pcg^a"
"PCG^B","Pacific Gas & Electric Co.",23.06,"n/a","n/a","n/a","n/a","https://www.nasdaq.com/symbol/pcg^b"
"PCG^C","Pacific Gas & Electric Co.",21.15,"n/a","n/a","n/a","n/a","https://www.nasdaq.com/symbol/pcg^c"
"PCG^D","Pacific Gas & Electric Co.",20.65,"n/a","n/a","n/a","n/a","https://www.nasdaq.com/symbol/pcg^d"
"PCG^E","Pacific Gas & Electric Co.",20.68,"n/a","n/a","n/a","n/a","https://www.nasdaq.com/symbol/pcg^e"
"PCG^G","Pacific Gas & Electric Co.",19.95,"n/a","n/a","n/a","n/a","https://www.nasdaq.com/symbol/pcg^g"
"PCG^H","Pacific Gas & Electric Co.",19.17,"n/a","n/a","n/a","n/a","https://www.nasdaq.com/symbol/pcg^h"
"PCG^I","Pacific Gas & Electric Co.",19.05,"n/a","n/a","n/a","n/a","https://www.nasdaq.com/symbol/pcg^i"
"PTN","Palatin Technologies, Inc.",0.97,"$191.86M","n/a","Health Care","Major Pharmaceuticals","https://www.nasdaq.com/symbol/ptn"
"PZG","Paramount Gold Nevada Corp.",1.14,"$29.04M",2015,"Basic Industries","Precious Metals","https://www.nasdaq.com/symbol/pzg"
"TEUM","Pareteum Corporation",2.89,"$157.98M","n/a","Technology","EDP Services","https://www.nasdaq.com/symbol/teum"
"PRK","Park National Corporation",110.32,"$1.74B","n/a","Finance","Major Banks","https://www.nasdaq.com/symbol/prk"
"PED","Pedevco Corp.",2.03,"$29.52M","n/a","Energy","Oil & Gas Production","https://www.nasdaq.com/symbol/ped"
"PFNX","Pfenex Inc.",5.02,"$118.39M",2014,"Health Care","Major Pharmaceuticals","https://www.nasdaq.com/symbol/pfnx"
"HNW","Pioneer Diversified High Income Trust",14.42,"$120.16M",2007,"n/a","n/a","https://www.nasdaq.com/symbol/hnw"
"PLG","Platinum Group Metals Ltd.",0.11,"$30.56M","n/a","Basic Industries","Precious Metals","https://www.nasdaq.com/symbol/plg"
"PLYM","Plymouth Industrial REIT, Inc.",15.02,"$53.46M",2017,"Consumer Services","Real Estate Investment Trusts","https://www.nasdaq.com/symbol/plym"
"PLYM^A","Plymouth Industrial REIT, Inc.",24.8,"n/a","n/a","n/a","n/a","https://www.nasdaq.com/symbol/plym^a"
"PLM","Polymet Mining Corp.",0.8,"$257.74M","n/a","Basic Industries","Precious Metals","https://www.nasdaq.com/symbol/plm"
"PW","Power REIT",6.01,"$10.98M","n/a","Consumer Services","Real Estate Investment Trusts","https://www.nasdaq.com/symbol/pw"
"PW^A","Power REIT",26.4,"n/a","n/a","n/a","n/a","https://www.nasdaq.com/symbol/pw^a"
"PLX","Protalix BioTherapeutics, Inc.",0.5,"$72.78M","n/a","Health Care","Biotechnology: Biological Products (No Diagnostic Substances)","https://www.nasdaq.com/symbol/plx"
"RLGT","Radiant Logistics, Inc.",4.02,"$198.42M","n/a","Transportation","Oil Refining/Marketing","https://www.nasdaq.com/symbol/rlgt"
"RLGT^A","Radiant Logistics, Inc.",25.35,"n/a","n/a","n/a","n/a","https://www.nasdaq.com/symbol/rlgt^a"
"RFL","Rafael Holdings, Inc.",9.12,"$114.37M",2018,"Finance","Real Estate","https://www.nasdaq.com/symbol/rfl"
"UTG","Reaves Utility Income Fund",30.42,"$1.48B",2004,"n/a","n/a","https://www.nasdaq.com/symbol/utg"
"REED","Reeds, Inc.",2.7,"$67.6M","n/a","Consumer Non-Durables","Beverages (Production/Distribution)","https://www.nasdaq.com/symbol/reed"
"RHE","Regional Health Properties, Inc.",0.2,"$4.13M",2017,"Consumer Services","Real Estate Investment Trusts","https://www.nasdaq.com/symbol/rhe"
"RHE^A","Regional Health Properties, Inc.",2.5,"n/a","n/a","n/a","n/a","https://www.nasdaq.com/symbol/rhe^a"
"RCG","RENN Fund, Inc.",1.66,"$7.41M","n/a","n/a","n/a","https://www.nasdaq.com/symbol/rcg"
"RVP","Retractable Technologies, Inc.",0.8,"$26.16M","n/a","Health Care","Medical/Dental Instruments","https://www.nasdaq.com/symbol/rvp"
"RNN","Rexahn Pharmaceuticals, Inc.",1.5,"$47.63M","n/a","Health Care","Major Pharmaceuticals","https://www.nasdaq.com/symbol/rnn"
"REI","Ring Energy, Inc.",12.18,"$735.53M","n/a","Energy","Oil & Gas Production","https://www.nasdaq.com/symbol/rei"
"RIF","RMR Real Estate Income Fund",18.5,"$188.74M","n/a","n/a","n/a","https://www.nasdaq.com/symbol/rif"
"SACH","Sachem Capital Corp.",4.15,"$64M",2017,"Consumer Services","Real Estate Investment Trusts","https://www.nasdaq.com/symbol/sach"
"SGA","Saga Communications, Inc.",37.05,"$219.83M","n/a","Consumer Services","Broadcasting","https://www.nasdaq.com/symbol/sga"
"SNMP","Sanchez Midstream Partners LP",11.63,"$179.77M","n/a","Energy","Oil & Gas Production","https://www.nasdaq.com/symbol/snmp"
"SAND          ","Sandstorm Gold Ltd",4.35,"$803.86M","n/a","Basic Industries","Precious Metals","https://www.nasdaq.com/symbol/sand"
"SEB","Seaboard Corporation",3565,"$4.17B",1996,"Finance","Investment Bankers/Brokers/Service","https://www.nasdaq.com/symbol/seb"
"SENS","Senseonics Holdings, Inc.",3.86,"$677.39M","n/a","Capital Goods","Industrial Machinery/Components","https://www.nasdaq.com/symbol/sens"
"SVT","Servotronics, Inc.",9.63,"$23.29M","n/a","Capital Goods","Industrial Machinery/Components","https://www.nasdaq.com/symbol/svt"
"SMTS","Sierra Metals Inc.",2.65,"$433.08M","n/a","Basic Industries","Precious Metals","https://www.nasdaq.com/symbol/smts"
"SIF","SIFCO Industries, Inc.",5.45,"$31.02M","n/a","Capital Goods","Aerospace","https://www.nasdaq.com/symbol/sif"
"SVM","Silvercorp Metals Inc.",2.63,"$441M","n/a","Basic Industries","Precious Metals","https://www.nasdaq.com/symbol/svm"
"XPL","Solitario Zinc Corp.",0.4,"$23.21M","n/a","Basic Industries","Precious Metals","https://www.nasdaq.com/symbol/xpl"
"SCE^B","Southern California Edison Company",21.35,"n/a","n/a","n/a","n/a","https://www.nasdaq.com/symbol/sce^b"
"SCE^C","Southern California Edison Company",21.49,"n/a","n/a","n/a","n/a","https://www.nasdaq.com/symbol/sce^c"
"SCE^D","Southern California Edison Company",21.77,"n/a","n/a","n/a","n/a","https://www.nasdaq.com/symbol/sce^d"
"SCE^E","Southern California Edison Company",24,"n/a","n/a","n/a","n/a","https://www.nasdaq.com/symbol/sce^e"
"SGB","Southwest Georgia Financial Corporation",23.5,"$59.83M","n/a","Finance","Major Banks","https://www.nasdaq.com/symbol/sgb"
"LOV","Spark Networks, Inc.",12.24,"$158.29M",2017,"Consumer Services","Other Consumer Services","https://www.nasdaq.com/symbol/lov"
"SRCI","SRC Energy Inc.",11.31,"$2.74B","n/a","Energy","Oil & Gas Production","https://www.nasdaq.com/symbol/srci"
"SDI","Standard Diversified Inc.",18.05,"$299.8M","n/a","Consumer Non-Durables","Tobacco","https://www.nasdaq.com/symbol/sdi"
"SSY","SunLink Health Systems, Inc.",1.41,"$10.47M","n/a","Health Care","Hospital/Nursing Management","https://www.nasdaq.com/symbol/ssy"
"SDPI","Superior Drilling Products, Inc.",1.87,"$45.88M",2014,"Energy","Metal Fabrications","https://www.nasdaq.com/symbol/sdpi"
"SYN","Synthetic Biologics, Inc",0.2,"$25.38M","n/a","Health Care","Major Pharmaceuticals","https://www.nasdaq.com/symbol/syn"
"TKAT","Takung Art Co., Ltd.",1.25,"$14.02M","n/a","Consumer Services","Other Specialty Stores","https://www.nasdaq.com/symbol/tkat"
"TALO.WS","Talos Energy, Inc.","n/a","n/a","n/a","n/a","n/a","https://www.nasdaq.com/symbol/talo.ws"
"TRX","Tanzanian Royalty Exploration Corporation",0.42,"$51.28M","n/a","Basic Industries","Precious Metals","https://www.nasdaq.com/symbol/trx"
"TGB","Taseko Mines Limited",0.87,"$197.51M","n/a","Basic Industries","Precious Metals","https://www.nasdaq.com/symbol/tgb"
"TIK","Tel-Instrument Electronics Corp.",2.37,"$7.72M","n/a","Capital Goods","Electrical Products","https://www.nasdaq.com/symbol/tik"
"TGC","Tengasco, Inc.",1.02,"$10.86M","n/a","Energy","Oil & Gas Production","https://www.nasdaq.com/symbol/tgc"
"GLU","The Gabelli Global Utility and Income Trust",18.7,"$76.89M",2004,"n/a","n/a","https://www.nasdaq.com/symbol/glu"
"GLU^A","The Gabelli Global Utility and Income Trust",44.26,"n/a","n/a","n/a","n/a","https://www.nasdaq.com/symbol/glu^a"
"GGO","The Gabelli Go Anywhere Trust",19.6,"$31.56M",2016,"n/a","n/a","https://www.nasdaq.com/symbol/ggo"
"GGO^A","The Gabelli Go Anywhere Trust",42,"n/a","n/a","n/a","n/a","https://www.nasdaq.com/symbol/ggo^a"
"TMP","Tompkins Financial Corporation",86.36,"$1.31B","n/a","Finance","Major Banks","https://www.nasdaq.com/symbol/tmp"
"TAT","Transatlantic Petroleum Ltd",1.09,"$54.92M","n/a","Energy","Oil & Gas Production","https://www.nasdaq.com/symbol/tat"
"TRXC","TransEnterix, Inc.",5.44,"$1.11B","n/a","Health Care","Medical/Dental Instruments","https://www.nasdaq.com/symbol/trxc"
"TMQ","Trilogy Metals Inc.",1.9,"$249.51M","n/a","Basic Industries","Precious Metals","https://www.nasdaq.com/symbol/tmq"
"TPHS","Trinity Place Holdings Inc.",6.39,"$202.17M","n/a","Consumer Services","Building operators","https://www.nasdaq.com/symbol/tphs"
"TRT","Trio-Tech International",4.6,"$16.33M","n/a","Technology","Industrial Machinery/Components","https://www.nasdaq.com/symbol/trt"
"UFAB","Unique Fabricating, Inc.",8.21,"$80.22M",2015,"Capital Goods","Auto Parts:O.E.M.","https://www.nasdaq.com/symbol/ufab"
"UAMY","United States Antimony Corporation",0.56,"$38.04M","n/a","Capital Goods","Metal Fabrications","https://www.nasdaq.com/symbol/uamy"
"UUU","Universal Security Instruments, Inc.",1.55,"$3.58M","n/a","Consumer Non-Durables","Electronic Components","https://www.nasdaq.com/symbol/uuu"
"UQM","UQM Technologies Inc.",1.01,"$54.68M","n/a","Capital Goods","Industrial Machinery/Components","https://www.nasdaq.com/symbol/uqm"
"URG","Ur Energy Inc",0.78,"$113.91M","n/a","Basic Industries","Precious Metals","https://www.nasdaq.com/symbol/urg"
"UEC","Uranium Energy Corp.",1.68,"$269.47M","n/a","Basic Industries","Precious Metals","https://www.nasdaq.com/symbol/uec"
"VHC","VirnetX Holding Corp",2.95,"$181.27M","n/a","Miscellaneous","Multi-Sector Companies","https://www.nasdaq.com/symbol/vhc"
"VGZ","Vista Gold Corporation",0.58,"$57.51M","n/a","Basic Industries","Precious Metals","https://www.nasdaq.com/symbol/vgz"
"VNRX","VolitionRX Limited",1.73,"$51.95M",2015,"Health Care","Biotechnology: In Vitro & In Vivo Diagnostic Substances","https://www.nasdaq.com/symbol/vnrx"
"VISI","Volt Information Sciences, Inc.",3.8,"$79.94M","n/a","Technology","Professional Services","https://www.nasdaq.com/symbol/visi"
"EAD","Wells Fargo Income Opportunities Fund",7.93,"$546.79M",2003,"n/a","n/a","https://www.nasdaq.com/symbol/ead"
"ERC","Wells Fargo Multi-Sector Income Fund",12.66,"$415.59M",2003,"n/a","n/a","https://www.nasdaq.com/symbol/erc"
"ERH","Wells Fargo Utilities and High Income Fund",12.61,"$116.57M",2004,"n/a","n/a","https://www.nasdaq.com/symbol/erh"
"WRN","Western Copper and Gold Corporation",0.75,"$74.67M",2011,"Basic Industries","Precious Metals","https://www.nasdaq.com/symbol/wrn"
"WYY","WidePoint Corporation",0.52,"$42.79M","n/a","Technology","EDP Services","https://www.nasdaq.com/symbol/wyy"
"WTT","Wireless Telecom Group,  Inc.",2.01,"$42.17M","n/a","Capital Goods","Electrical Products","https://www.nasdaq.com/symbol/wtt"
"XTNT","Xtant Medical Holdings, Inc.",5.82,"$76.5M","n/a","Health Care","Biotechnology: Biological Products (No Diagnostic Substances)","https://www.nasdaq.com/symbol/xtnt"
"YUMA","Yuma Energy, Inc.",0.36,"$8.46M","n/a","Energy","Oil & Gas Production","https://www.nasdaq.com/symbol/yuma"
"ZDGE","Zedge, Inc.",2.76,"$28.27M",2016,"Technology","Computer Software: Prepackaged Software","https://www.nasdaq.com/symbol/zdge"
"ZOM","Zomedica Pharmaceuticals Corp.",2.13,"$201.31M",2017,"Health Care","Major Pharmaceuticals","https://www.nasdaq.com/symbol/zom"
